AGP;WRO
AGP;KRK
AGP;WAW
AGP;WMI
AGP;HAM
AGP;SXF
AGP;TXL
AGP;BRE
AGP;CGN
AGP;DTM
AGP;DRS
AGP;HHN
AGP;FRA
AGP;FMM
AGP;MUC
AGP;BGY
AGP;MXP
AGP;BLQ
AGP;GOA
AGP;PMO
AGP;FCO
AGP;VCE
AGP;TSF
AGP;BCN
AGP;ALC
AGP;MAD
AGP;VLC
AGP;ZAZ
AGP;PRG
AGP;LIS
AGP;BUD
AGP;BRU
AGP;CRL
AGP;AMS
AGP;RTM
AGP;ATH
AGP;VIE
AGP;CDG
AGP;ORY
AGP;NCE
AGP;BOD
AGP;MRS
ALC;GDN
ALC;KRK
ALC;WAW
ALC;WMI
ALC;IEV
ALC;HAM
ALC;SXF
ALC;TXL
ALC;BRE
ALC;CGN
ALC;HHN
ALC;FRA
ALC;FMM
ALC;MUC
ALC;BGY
ALC;MXP
ALC;BLQ
ALC;FCO
ALC;VCE
ALC;BCN
ALC;MAD
ALC;SVQ
ALC;LIS
ALC;BUD
ALC;BRU
ALC;CRL
ALC;AMS
ALC;RTM
ALC;VIE
ALC;BVA
ALC;ORY
ALC;BOD
AMS;GDN
AMS;WRO
AMS;KRK
AMS;WAW
AMS;KBP
AMS;HAM
AMS;SXF
AMS;TXL
AMS;BRE
AMS;DRS
AMS;FRA
AMS;MUC
AMS;MXP
AMS;PSA
AMS;BRI
AMS;BLQ
AMS;CTA
AMS;GOA
AMS;NAP
AMS;FCO
AMS;TRN
AMS;VCE
AMS;VRN
AMS;BCN
AMS;ALC
AMS;MAD
AMS;AGP
AMS;SVQ
AMS;VLC
AMS;PRG
AMS;FAO
AMS;LIS
AMS;OPO
AMS;BUD
AMS;BRU
AMS;ATH
AMS;SKG
AMS;KLX
AMS;VIE
AMS;SZG
AMS;CDG
AMS;ORY
AMS;NCE
AMS;SXB
AMS;BOD
AMS;MRS
ATH;KRK
ATH;WAW
ATH;WMI
ATH;KBP
ATH;IEV
ATH;HAM
ATH;SXF
ATH;TXL
ATH;BRE
ATH;CGN
ATH;DRS
ATH;FRA
ATH;MUC
ATH;BGY
ATH;MXP
ATH;PSA
ATH;BRI
ATH;BLQ
ATH;CTA
ATH;GOA
ATH;NAP
ATH;PMO
ATH;CIA
ATH;FCO
ATH;VCE
ATH;VRN
ATH;BCN
ATH;MAD
ATH;AGP
ATH;VLC
ATH;PRG
ATH;FAO
ATH;LIS
ATH;OPO
ATH;BUD
ATH;BRU
ATH;CRL
ATH;AMS
ATH;SKG
ATH;VIE
ATH;CDG
ATH;ORY
ATH;NCE
ATH;SXB
ATH;BOD
ATH;LIL
ATH;MRS
BCN;GDN
BCN;KRK
BCN;WAW
BCN;WMI
BCN;KBP
BCN;IEV
BCN;LWO
BCN;HAM
BCN;SXF
BCN;TXL
BCN;CGN
BCN;DRS
BCN;FRA
BCN;MUC
BCN;BGY
BCN;MXP
BCN;PSA
BCN;BRI
BCN;BLQ
BCN;CTA
BCN;GOA
BCN;NAP
BCN;PMO
BCN;FCO
BCN;TRN
BCN;VCE
BCN;ALC
BCN;MAD
BCN;AGP
BCN;SVQ
BCN;VLC
BCN;PRG
BCN;FAO
BCN;LIS
BCN;OPO
BCN;BUD
BCN;BRU
BCN;CRL
BCN;AMS
BCN;RTM
BCN;ATH
BCN;VIE
BCN;BVA
BCN;CDG
BCN;ORY
BCN;NCE
BCN;BOD
BCN;LIL
BCN;MRS
BGY;GDN
BGY;WRO
BGY;KRK
BGY;WAW
BGY;WMI
BGY;KBP
BGY;IEV
BGY;LWO
BGY;HAM
BGY;SXF
BGY;CGN
BGY;FRA
BGY;MUC
BGY;BRI
BGY;CTA
BGY;NAP
BGY;PMO
BGY;BCN
BGY;ALC
BGY;MAD
BGY;AGP
BGY;SVQ
BGY;VLC
BGY;ZAZ
BGY;PRG
BGY;FAO
BGY;LIS
BGY;OPO
BGY;BUD
BGY;CRL
BGY;ATH
BGY;SKG
BGY;VIE
BGY;BVA
BGY;BOD
BLQ;WRO
BLQ;KRK
BLQ;WMI
BLQ;IEV
BLQ;LWO
BLQ;SXF
BLQ;CGN
BLQ;FRA
BLQ;MUC
BLQ;BRI
BLQ;CTA
BLQ;NAP
BLQ;PMO
BLQ;FCO
BLQ;BCN
BLQ;ALC
BLQ;MAD
BLQ;AGP
BLQ;SVQ
BLQ;VLC
BLQ;PRG
BLQ;LIS
BLQ;OPO
BLQ;BUD
BLQ;BRU
BLQ;CRL
BLQ;AMS
BLQ;ATH
BLQ;SKG
BLQ;VIE
BLQ;BVA
BLQ;CDG
BOD;WAW
BOD;HAM
BOD;SXF
BOD;FRA
BOD;MUC
BOD;BGY
BOD;MXP
BOD;PSA
BOD;CTA
BOD;NAP
BOD;PMO
BOD;CIA
BOD;FCO
BOD;VCE
BOD;BCN
BOD;ALC
BOD;MAD
BOD;AGP
BOD;SVQ
BOD;VLC
BOD;PRG
BOD;FAO
BOD;LIS
BOD;OPO
BOD;BUD
BOD;BRU
BOD;AMS
BOD;ATH
BOD;VIE
BOD;CDG
BOD;ORY
BOD;NCE
BOD;SXB
BOD;LIL
BOD;MRS
BRE;GDN
BRE;IEV
BRE;FRA
BRE;MUC
BRE;ALC
BRE;AGP
BRE;AMS
BRE;ATH
BRE;CDG
BRI;WRO
BRI;KRK
BRI;WAW
BRI;HAM
BRI;SXF
BRI;TXL
BRI;CGN
BRI;HHN
BRI;FRA
BRI;MUC
BRI;BGY
BRI;MXP
BRI;PSA
BRI;BLQ
BRI;CTA
BRI;GOA
BRI;PMO
BRI;FCO
BRI;TRN
BRI;VCE
BRI;TSF
BRI;VRN
BRI;BCN
BRI;MAD
BRI;SVQ
BRI;VLC
BRI;PRG
BRI;BUD
BRI;CRL
BRI;AMS
BRI;ATH
BRI;VIE
BRI;BVA
BRI;CDG
BRI;MRS
BRU;WRO
BRU;KRK
BRU;WAW
BRU;KBP
BRU;HAM
BRU;SXF
BRU;TXL
BRU;FRA
BRU;MUC
BRU;MXP
BRU;BLQ
BRU;CTA
BRU;NAP
BRU;PMO
BRU;FCO
BRU;TRN
BRU;VCE
BRU;TSF
BRU;BCN
BRU;ALC
BRU;MAD
BRU;AGP
BRU;SVQ
BRU;VLC
BRU;PRG
BRU;FAO
BRU;LIS
BRU;OPO
BRU;BUD
BRU;AMS
BRU;ATH
BRU;SKG
BRU;KLX
BRU;VIE
BRU;CDG
BRU;NCE
BRU;SXB
BRU;BOD
BRU;MRS
BUD;KRK
BUD;WAW
BUD;KBP
BUD;IEV
BUD;HAM
BUD;SXF
BUD;TXL
BUD;CGN
BUD;DTM
BUD;FRA
BUD;MUC
BUD;BGY
BUD;MXP
BUD;PSA
BUD;BRI
BUD;BLQ
BUD;CTA
BUD;NAP
BUD;PMO
BUD;CIA
BUD;FCO
BUD;TSF
BUD;BCN
BUD;ALC
BUD;MAD
BUD;AGP
BUD;VLC
BUD;PRG
BUD;FAO
BUD;LIS
BUD;OPO
BUD;BRU
BUD;CRL
BUD;AMS
BUD;ATH
BUD;SKG
BUD;VIE
BUD;BVA
BUD;CDG
BUD;ORY
BUD;NCE
BUD;BOD
BUD;MRS
BVA;GDN
BVA;WRO
BVA;KRK
BVA;WMI
BVA;BGY
BVA;PSA
BVA;BRI
BVA;BLQ
BVA;PMO
BVA;CIA
BVA;TSF
BVA;BCN
BVA;ALC
BVA;MAD
BVA;SVQ
BVA;VLC
BVA;PRG
BVA;FAO
BVA;LIS
BVA;OPO
BVA;BUD
BVA;VIE
CDG;WRO
CDG;KRK
CDG;WAW
CDG;KBP
CDG;HAM
CDG;SXF
CDG;TXL
CDG;BRE
CDG;FRA
CDG;MUC
CDG;MXP
CDG;BRI
CDG;BLQ
CDG;CTA
CDG;GOA
CDG;NAP
CDG;FCO
CDG;TRN
CDG;VCE
CDG;BCN
CDG;MAD
CDG;AGP
CDG;SVQ
CDG;VLC
CDG;PRG
CDG;FAO
CDG;LIS
CDG;OPO
CDG;BUD
CDG;BRU
CDG;AMS
CDG;ATH
CDG;SKG
CDG;KLX
CDG;VIE
CDG;NCE
CDG;BOD
CDG;MRS
CGN;GDN
CGN;WMI
CGN;IEV
CGN;HAM
CGN;SXF
CGN;TXL
CGN;DRS
CGN;MUC
CGN;BGY
CGN;MXP
CGN;PSA
CGN;BRI
CGN;BLQ
CGN;NAP
CGN;PMO
CGN;CIA
CGN;FCO
CGN;VCE
CGN;TSF
CGN;VRN
CGN;BCN
CGN;ALC
CGN;MAD
CGN;AGP
CGN;SVQ
CGN;VLC
CGN;PRG
CGN;FAO
CGN;LIS
CGN;OPO
CGN;BUD
CGN;ATH
CGN;SKG
CGN;VIE
CGN;SZG
CGN;NCE
CIA;WRO
CIA;KRK
CIA;WMI
CIA;SXF
CIA;CGN
CIA;HHN
CIA;MAD
CIA;SVQ
CIA;VLC
CIA;PRG
CIA;LIS
CIA;OPO
CIA;BUD
CIA;CRL
CIA;ATH
CIA;SKG
CIA;BVA
CIA;BOD
CIA;MRS
CRL;WRO
CRL;KRK
CRL;WAW
CRL;WMI
CRL;BGY
CRL;PSA
CRL;BRI
CRL;BLQ
CRL;NAP
CRL;PMO
CRL;CIA
CRL;TRN
CRL;TSF
CRL;BCN
CRL;ALC
CRL;MAD
CRL;AGP
CRL;SVQ
CRL;VLC
CRL;ZAZ
CRL;PRG
CRL;FAO
CRL;LIS
CRL;OPO
CRL;BUD
CRL;ATH
CRL;SKG
CRL;MRS
CTA;KRK
CTA;WAW
CTA;IEV
CTA;HAM
CTA;SXF
CTA;TXL
CTA;CGN
CTA;FRA
CTA;MUC
CTA;BGY
CTA;MXP
CTA;PSA
CTA;BRI
CTA;BLQ
CTA;GOA
CTA;NAP
CTA;FCO
CTA;TRN
CTA;VCE
CTA;TSF
CTA;VRN
CTA;BCN
CTA;MAD
CTA;SVQ
CTA;VLC
CTA;PRG
CTA;BUD
CTA;BRU
CTA;AMS
CTA;ATH
CTA;VIE
CTA;CDG
CTA;ORY
CTA;BOD
DRS;CGN
DRS;FRA
DRS;MUC
DRS;BCN
DRS;AGP
DRS;FAO
DRS;AMS
DRS;ATH
DRS;SKG
DTM;GDN
DTM;WRO
DTM;KRK
DTM;IEV
DTM;HRK
DTM;LWO
DTM;MUC
DTM;AGP
DTM;OPO
DTM;BUD
DTM;SKG
DTM;VIE
FAO;WRO
FAO;KRK
FAO;WAW
FAO;WMI
FAO;HAM
FAO;SXF
FAO;TXL
FAO;CGN
FAO;DRS
FAO;HHN
FAO;FRA
FAO;FMM
FAO;MUC
FAO;BGY
FAO;MXP
FAO;NAP
FAO;VRN
FAO;BCN
FAO;MAD
FAO;PRG
FAO;LIS
FAO;OPO
FAO;BUD
FAO;BRU
FAO;CRL
FAO;AMS
FAO;RTM
FAO;ATH
FAO;VIE
FAO;BVA
FAO;CDG
FAO;ORY
FAO;NCE
FAO;BOD
FAO;LIL
FAO;MRS
FCO;WAW
FCO;KBP
FCO;IEV
FCO;HRK
FCO;LWO
FCO;HAM
FCO;TXL
FCO;CGN
FCO;FRA
FCO;MUC
FCO;MXP
FCO;PSA
FCO;BRI
FCO;BLQ
FCO;CTA
FCO;GOA
FCO;NAP
FCO;PMO
FCO;TRN
FCO;VCE
FCO;VRN
FCO;BCN
FCO;ALC
FCO;MAD
FCO;AGP
FCO;SVQ
FCO;VLC
FCO;PRG
FCO;LIS
FCO;BUD
FCO;BRU
FCO;AMS
FCO;RTM
FCO;ATH
FCO;VIE
FCO;CDG
FCO;ORY
FCO;NCE
FCO;BOD
FCO;MRS
FMM;WMI
FMM;IEV
FMM;LWO
FMM;PMO
FMM;ALC
FMM;AGP
FMM;SVQ
FMM;FAO
FMM;OPO
FMM;SKG
FRA;GDN
FRA;WRO
FRA;KRK
FRA;WAW
FRA;KBP
FRA;IEV
FRA;TXL
FRA;BRE
FRA;DRS
FRA;MUC
FRA;BGY
FRA;MXP
FRA;BRI
FRA;BLQ
FRA;CTA
FRA;GOA
FRA;NAP
FRA;PMO
FRA;FCO
FRA;TRN
FRA;VCE
FRA;TSF
FRA;VRN
FRA;BCN
FRA;ALC
FRA;MAD
FRA;AGP
FRA;SVQ
FRA;VLC
FRA;PRG
FRA;FAO
FRA;LIS
FRA;OPO
FRA;BUD
FRA;BRU
FRA;AMS
FRA;ATH
FRA;SKG
FRA;KLX
FRA;VIE
FRA;SZG
FRA;CDG
FRA;NCE
FRA;BOD
FRA;MRS
GDN;WRO
GDN;KRK
GDN;WAW
GDN;KBP
GDN;IEV
GDN;HRK
GDN;LWO
GDN;HAM
GDN;BRE
GDN;CGN
GDN;DTM
GDN;FRA
GDN;MUC
GDN;BGY
GDN;PSA
GDN;BCN
GDN;ALC
GDN;AMS
GDN;VIE
GDN;BVA
GOA;IEV
GOA;TXL
GOA;FRA
GOA;MUC
GOA;BRI
GOA;CTA
GOA;NAP
GOA;PMO
GOA;FCO
GOA;BCN
GOA;MAD
GOA;AGP
GOA;AMS
GOA;ATH
GOA;CDG
HAM;GDN
HAM;WAW
HAM;IEV
HAM;CGN
HAM;MUC
HAM;BGY
HAM;MXP
HAM;BRI
HAM;NAP
HAM;FCO
HAM;VCE
HAM;TSF
HAM;BCN
HAM;ALC
HAM;MAD
HAM;AGP
HAM;SVQ
HAM;VLC
HAM;PRG
HAM;FAO
HAM;LIS
HAM;OPO
HAM;BUD
HAM;BRU
HAM;AMS
HAM;ATH
HAM;SKG
HAM;KLX
HAM;VIE
HAM;SZG
HAM;CDG
HAM;NCE
HAM;BOD
HHN;LWO
HHN;BRI
HHN;NAP
HHN;CIA
HHN;ALC
HHN;AGP
HHN;FAO
HHN;LIS
HHN;SKG
HRK;GDN
HRK;WRO
HRK;WAW
HRK;KBP
HRK;DTM
HRK;MXP
HRK;FCO
HRK;SKG
HRK;VIE
IEV;GDN
IEV;WRO
IEV;KRK
IEV;WAW
IEV;LWO
IEV;HAM
IEV;SXF
IEV;BRE
IEV;CGN
IEV;DTM
IEV;FRA
IEV;FMM
IEV;BGY
IEV;MXP
IEV;BLQ
IEV;CTA
IEV;GOA
IEV;NAP
IEV;FCO
IEV;BCN
IEV;ALC
IEV;LIS
IEV;BUD
IEV;ATH
IEV;VIE
KBP;GDN
KBP;WRO
KBP;KRK
KBP;WAW
KBP;WMI
KBP;HRK
KBP;LWO
KBP;SXF
KBP;TXL
KBP;FRA
KBP;MUC
KBP;BGY
KBP;MXP
KBP;FCO
KBP;VCE
KBP;BCN
KBP;MAD
KBP;PRG
KBP;BUD
KBP;BRU
KBP;AMS
KBP;ATH
KBP;SKG
KBP;VIE
KBP;CDG
KBP;NCE
KLX;HAM
KLX;FRA
KLX;MUC
KLX;BRU
KLX;AMS
KLX;SKG
KLX;VIE
KLX;CDG
KRK;GDN
KRK;WAW
KRK;KBP
KRK;IEV
KRK;LWO
KRK;SXF
KRK;DTM
KRK;FRA
KRK;MUC
KRK;BGY
KRK;MXP
KRK;PSA
KRK;BRI
KRK;BLQ
KRK;CTA
KRK;NAP
KRK;CIA
KRK;TRN
KRK;TSF
KRK;BCN
KRK;ALC
KRK;MAD
KRK;AGP
KRK;SVQ
KRK;VLC
KRK;FAO
KRK;LIS
KRK;OPO
KRK;BUD
KRK;BRU
KRK;CRL
KRK;AMS
KRK;ATH
KRK;VIE
KRK;BVA
KRK;CDG
KRK;NCE
KRK;MRS
LIL;NAP
LIL;BCN
LIL;FAO
LIL;LIS
LIL;ATH
LIL;NCE
LIL;SXB
LIL;BOD
LIL;MRS
LIS;WRO
LIS;KRK
LIS;WAW
LIS;WMI
LIS;IEV
LIS;HAM
LIS;SXF
LIS;TXL
LIS;CGN
LIS;HHN
LIS;FRA
LIS;MUC
LIS;BGY
LIS;MXP
LIS;PSA
LIS;BLQ
LIS;NAP
LIS;CIA
LIS;FCO
LIS;TRN
LIS;VCE
LIS;BCN
LIS;ALC
LIS;MAD
LIS;AGP
LIS;SVQ
LIS;VLC
LIS;PRG
LIS;FAO
LIS;OPO
LIS;BUD
LIS;BRU
LIS;CRL
LIS;AMS
LIS;RTM
LIS;ATH
LIS;VIE
LIS;BVA
LIS;CDG
LIS;ORY
LIS;NCE
LIS;BOD
LIS;LIL
LIS;MRS
LWO;GDN
LWO;WRO
LWO;KRK
LWO;WAW
LWO;WMI
LWO;KBP
LWO;IEV
LWO;SXF
LWO;DTM
LWO;HHN
LWO;FMM
LWO;MUC
LWO;BGY
LWO;MXP
LWO;BLQ
LWO;NAP
LWO;FCO
LWO;VCE
LWO;BCN
LWO;MAD
LWO;VIE
MAD;WRO
MAD;KRK
MAD;WAW
MAD;WMI
MAD;KBP
MAD;LWO
MAD;HAM
MAD;SXF
MAD;TXL
MAD;CGN
MAD;FRA
MAD;MUC
MAD;BGY
MAD;MXP
MAD;PSA
MAD;BRI
MAD;BLQ
MAD;CTA
MAD;GOA
MAD;NAP
MAD;PMO
MAD;CIA
MAD;FCO
MAD;TRN
MAD;VCE
MAD;VRN
MAD;BCN
MAD;ALC
MAD;AGP
MAD;SVQ
MAD;VLC
MAD;PRG
MAD;FAO
MAD;LIS
MAD;OPO
MAD;BUD
MAD;BRU
MAD;CRL
MAD;AMS
MAD;ATH
MAD;VIE
MAD;BVA
MAD;CDG
MAD;ORY
MAD;NCE
MAD;SXB
MAD;BOD
MAD;MRS
MRS;KRK
MRS;SXF
MRS;FRA
MRS;MUC
MRS;MXP
MRS;BRI
MRS;NAP
MRS;PMO
MRS;CIA
MRS;FCO
MRS;VCE
MRS;BCN
MRS;MAD
MRS;AGP
MRS;SVQ
MRS;VLC
MRS;PRG
MRS;FAO
MRS;LIS
MRS;OPO
MRS;BUD
MRS;BRU
MRS;CRL
MRS;AMS
MRS;ATH
MRS;VIE
MRS;CDG
MRS;ORY
MRS;NCE
MRS;SXB
MRS;BOD
MRS;LIL
MUC;GDN
MUC;WRO
MUC;KRK
MUC;WAW
MUC;KBP
MUC;LWO
MUC;HAM
MUC;TXL
MUC;BRE
MUC;CGN
MUC;DTM
MUC;DRS
MUC;FRA
MUC;BGY
MUC;MXP
MUC;PSA
MUC;BRI
MUC;BLQ
MUC;CTA
MUC;GOA
MUC;NAP
MUC;PMO
MUC;FCO
MUC;TRN
MUC;VCE
MUC;VRN
MUC;BCN
MUC;ALC
MUC;MAD
MUC;AGP
MUC;SVQ
MUC;VLC
MUC;ZAZ
MUC;PRG
MUC;FAO
MUC;LIS
MUC;OPO
MUC;BUD
MUC;BRU
MUC;AMS
MUC;ATH
MUC;SKG
MUC;KLX
MUC;VIE
MUC;CDG
MUC;NCE
MUC;BOD
MUC;MRS
MXP;KRK
MXP;WAW
MXP;KBP
MXP;IEV
MXP;HRK
MXP;LWO
MXP;HAM
MXP;SXF
MXP;TXL
MXP;CGN
MXP;FRA
MXP;MUC
MXP;BRI
MXP;CTA
MXP;NAP
MXP;PMO
MXP;FCO
MXP;VRN
MXP;BCN
MXP;ALC
MXP;MAD
MXP;AGP
MXP;SVQ
MXP;VLC
MXP;PRG
MXP;FAO
MXP;LIS
MXP;OPO
MXP;BUD
MXP;BRU
MXP;AMS
MXP;ATH
MXP;SKG
MXP;VIE
MXP;CDG
MXP;ORY
MXP;BOD
MXP;MRS
NAP;WRO
NAP;KRK
NAP;WAW
NAP;WMI
NAP;IEV
NAP;LWO
NAP;HAM
NAP;SXF
NAP;TXL
NAP;CGN
NAP;HHN
NAP;FRA
NAP;MUC
NAP;BGY
NAP;MXP
NAP;BLQ
NAP;CTA
NAP;GOA
NAP;FCO
NAP;TRN
NAP;VCE
NAP;TSF
NAP;VRN
NAP;BCN
NAP;MAD
NAP;SVQ
NAP;VLC
NAP;PRG
NAP;FAO
NAP;LIS
NAP;OPO
NAP;BUD
NAP;BRU
NAP;CRL
NAP;AMS
NAP;ATH
NAP;SKG
NAP;VIE
NAP;CDG
NAP;ORY
NAP;NCE
NAP;BOD
NAP;LIL
NAP;MRS
NCE;KRK
NCE;WAW
NCE;KBP
NCE;HAM
NCE;SXF
NCE;TXL
NCE;CGN
NCE;FRA
NCE;MUC
NCE;NAP
NCE;PMO
NCE;FCO
NCE;VCE
NCE;BCN
NCE;MAD
NCE;AGP
NCE;SVQ
NCE;PRG
NCE;FAO
NCE;LIS
NCE;OPO
NCE;BUD
NCE;BRU
NCE;AMS
NCE;ATH
NCE;VIE
NCE;CDG
NCE;ORY
NCE;SXB
NCE;BOD
NCE;LIL
NCE;MRS
OPO;WRO
OPO;KRK
OPO;WAW
OPO;WMI
OPO;HAM
OPO;SXF
OPO;CGN
OPO;DTM
OPO;FRA
OPO;FMM
OPO;MUC
OPO;BGY
OPO;MXP
OPO;BLQ
OPO;NAP
OPO;CIA
OPO;BCN
OPO;MAD
OPO;SVQ
OPO;VLC
OPO;PRG
OPO;FAO
OPO;LIS
OPO;BUD
OPO;BRU
OPO;CRL
OPO;AMS
OPO;RTM
OPO;ATH
OPO;VIE
OPO;BVA
OPO;CDG
OPO;ORY
OPO;NCE
OPO;SXB
OPO;BOD
OPO;MRS
ORY;TXL
ORY;MXP
ORY;PSA
ORY;CTA
ORY;NAP
ORY;PMO
ORY;FCO
ORY;VCE
ORY;BCN
ORY;ALC
ORY;MAD
ORY;AGP
ORY;SVQ
ORY;VLC
ORY;PRG
ORY;FAO
ORY;LIS
ORY;OPO
ORY;BUD
ORY;AMS
ORY;ATH
ORY;SKG
ORY;VIE
ORY;NCE
ORY;BOD
ORY;MRS
PMO;WRO
PMO;SXF
PMO;CGN
PMO;FRA
PMO;FMM
PMO;MUC
PMO;BGY
PMO;MXP
PMO;PSA
PMO;BRI
PMO;BLQ
PMO;GOA
PMO;FCO
PMO;TRN
PMO;VCE
PMO;TSF
PMO;VRN
PMO;BCN
PMO;MAD
PMO;AGP
PMO;VLC
PMO;BUD
PMO;BRU
PMO;CRL
PMO;RTM
PMO;ATH
PMO;VIE
PMO;BVA
PMO;ORY
PMO;NCE
PMO;SXB
PMO;BOD
PMO;MRS
PRG;WAW
PRG;KBP
PRG;HAM
PRG;CGN
PRG;FRA
PRG;MUC
PRG;BGY
PRG;MXP
PRG;PSA
PRG;BRI
PRG;BLQ
PRG;CTA
PRG;NAP
PRG;CIA
PRG;FCO
PRG;VCE
PRG;BCN
PRG;MAD
PRG;AGP
PRG;VLC
PRG;FAO
PRG;LIS
PRG;OPO
PRG;BUD
PRG;BRU
PRG;CRL
PRG;AMS
PRG;ATH
PRG;SKG
PRG;VIE
PRG;BVA
PRG;CDG
PRG;ORY
PRG;NCE
PRG;SXB
PRG;BOD
PRG;MRS
PSA;GDN
PSA;KRK
PSA;SXF
PSA;TXL
PSA;CGN
PSA;MUC
PSA;BRI
PSA;CTA
PSA;PMO
PSA;FCO
PSA;BCN
PSA;MAD
PSA;SVQ
PSA;VLC
PSA;PRG
PSA;LIS
PSA;BUD
PSA;CRL
PSA;AMS
PSA;RTM
PSA;ATH
PSA;BVA
PSA;ORY
PSA;BOD
RTM;PSA
RTM;PMO
RTM;FCO
RTM;VCE
RTM;BCN
RTM;ALC
RTM;AGP
RTM;VLC
RTM;FAO
RTM;LIS
RTM;OPO
RTM;VIE
RTM;SZG
SKG;WAW
SKG;WMI
SKG;KBP
SKG;HRK
SKG;HAM
SKG;SXF
SKG;CGN
SKG;DTM
SKG;DRS
SKG;HHN
SKG;FRA
SKG;FMM
SKG;MUC
SKG;BGY
SKG;MXP
SKG;BLQ
SKG;NAP
SKG;CIA
SKG;VRN
SKG;PRG
SKG;BUD
SKG;BRU
SKG;CRL
SKG;AMS
SKG;ATH
SKG;KLX
SKG;VIE
SKG;CDG
SKG;ORY
SVQ;KRK
SVQ;WMI
SVQ;HAM
SVQ;SXF
SVQ;CGN
SVQ;FRA
SVQ;FMM
SVQ;MUC
SVQ;BGY
SVQ;MXP
SVQ;PSA
SVQ;BRI
SVQ;BLQ
SVQ;CTA
SVQ;NAP
SVQ;CIA
SVQ;FCO
SVQ;TRN
SVQ;VCE
SVQ;TSF
SVQ;VRN
SVQ;BCN
SVQ;ALC
SVQ;MAD
SVQ;VLC
SVQ;ZAZ
SVQ;LIS
SVQ;OPO
SVQ;BRU
SVQ;CRL
SVQ;AMS
SVQ;VIE
SVQ;BVA
SVQ;CDG
SVQ;ORY
SVQ;NCE
SVQ;BOD
SVQ;MRS
SXB;PMO
SXB;MAD
SXB;PRG
SXB;OPO
SXB;BRU
SXB;AMS
SXB;ATH
SXB;NCE
SXB;BOD
SXB;LIL
SXB;MRS
SXF;KRK
SXF;KBP
SXF;IEV
SXF;LWO
SXF;CGN
SXF;BGY
SXF;MXP
SXF;PSA
SXF;BRI
SXF;BLQ
SXF;NAP
SXF;PMO
SXF;CIA
SXF;TRN
SXF;VCE
SXF;TSF
SXF;BCN
SXF;ALC
SXF;MAD
SXF;AGP
SXF;SVQ
SXF;VLC
SXF;FAO
SXF;LIS
SXF;OPO
SXF;BUD
SXF;BRU
SXF;AMS
SXF;ATH
SXF;SKG
SXF;VIE
SXF;SZG
SXF;CDG
SXF;NCE
SXF;BOD
SXF;MRS
SZG;HAM
SZG;SXF
SZG;TXL
SZG;CGN
SZG;FRA
SZG;AMS
SZG;RTM
SZG;VIE
TRN;KRK
TRN;WAW
TRN;SXF
TRN;FRA
TRN;MUC
TRN;BRI
TRN;CTA
TRN;NAP
TRN;PMO
TRN;FCO
TRN;BCN
TRN;MAD
TRN;SVQ
TRN;VLC
TRN;LIS
TRN;BRU
TRN;CRL
TRN;AMS
TRN;CDG
TSF;KRK
TSF;WMI
TSF;HAM
TSF;SXF
TSF;CGN
TSF;FRA
TSF;BRI
TSF;CTA
TSF;NAP
TSF;PMO
TSF;AGP
TSF;SVQ
TSF;BUD
TSF;BRU
TSF;CRL
TSF;BVA
TXL;WAW
TXL;KBP
TXL;CGN
TXL;FRA
TXL;MUC
TXL;MXP
TXL;PSA
TXL;BRI
TXL;CTA
TXL;GOA
TXL;NAP
TXL;FCO
TXL;VCE
TXL;BCN
TXL;ALC
TXL;MAD
TXL;AGP
TXL;FAO
TXL;LIS
TXL;BUD
TXL;BRU
TXL;AMS
TXL;ATH
TXL;VIE
TXL;SZG
TXL;CDG
TXL;ORY
TXL;NCE
VCE;WAW
VCE;KBP
VCE;LWO
VCE;HAM
VCE;SXF
VCE;TXL
VCE;CGN
VCE;FRA
VCE;MUC
VCE;BRI
VCE;CTA
VCE;NAP
VCE;PMO
VCE;FCO
VCE;BCN
VCE;ALC
VCE;MAD
VCE;AGP
VCE;SVQ
VCE;ZAZ
VCE;PRG
VCE;LIS
VCE;BRU
VCE;AMS
VCE;RTM
VCE;ATH
VCE;VIE
VCE;CDG
VCE;ORY
VCE;NCE
VCE;BOD
VCE;MRS
VIE;GDN
VIE;KRK
VIE;WAW
VIE;KBP
VIE;IEV
VIE;HRK
VIE;LWO
VIE;HAM
VIE;SXF
VIE;TXL
VIE;CGN
VIE;DTM
VIE;FRA
VIE;MUC
VIE;BGY
VIE;MXP
VIE;BRI
VIE;BLQ
VIE;CTA
VIE;NAP
VIE;PMO
VIE;FCO
VIE;VCE
VIE;BCN
VIE;ALC
VIE;MAD
VIE;AGP
VIE;SVQ
VIE;VLC
VIE;PRG
VIE;FAO
VIE;LIS
VIE;OPO
VIE;BUD
VIE;BRU
VIE;AMS
VIE;RTM
VIE;ATH
VIE;SKG
VIE;KLX
VIE;SZG
VIE;BVA
VIE;CDG
VIE;ORY
VIE;NCE
VIE;BOD
VIE;MRS
VLC;KRK
VLC;WMI
VLC;HAM
VLC;SXF
VLC;CGN
VLC;FRA
VLC;MUC
VLC;BGY
VLC;MXP
VLC;PSA
VLC;BRI
VLC;BLQ
VLC;CTA
VLC;NAP
VLC;PMO
VLC;CIA
VLC;FCO
VLC;TRN
VLC;BCN
VLC;MAD
VLC;AGP
VLC;SVQ
VLC;PRG
VLC;LIS
VLC;OPO
VLC;BUD
VLC;BRU
VLC;CRL
VLC;AMS
VLC;RTM
VLC;ATH
VLC;VIE
VLC;BVA
VLC;CDG
VLC;ORY
VLC;BOD
VLC;MRS
VRN;WAW
VRN;CGN
VRN;FRA
VRN;MUC
VRN;MXP
VRN;BRI
VRN;CTA
VRN;NAP
VRN;PMO
VRN;FCO
VRN;MAD
VRN;SVQ
VRN;FAO
VRN;AMS
VRN;ATH
VRN;SKG
WAW;GDN
WAW;WRO
WAW;KRK
WAW;KBP
WAW;IEV
WAW;HRK
WAW;LWO
WAW;HAM
WAW;TXL
WAW;FRA
WAW;MUC
WAW;BGY
WAW;MXP
WAW;CTA
WAW;NAP
WAW;FCO
WAW;TRN
WAW;VCE
WAW;VRN
WAW;BCN
WAW;ALC
WAW;MAD
WAW;AGP
WAW;PRG
WAW;FAO
WAW;LIS
WAW;OPO
WAW;BUD
WAW;BRU
WAW;CRL
WAW;AMS
WAW;ATH
WAW;SKG
WAW;VIE
WAW;CDG
WAW;NCE
WAW;BOD
WMI;KBP
WMI;LWO
WMI;CGN
WMI;FMM
WMI;BGY
WMI;BRI
WMI;BLQ
WMI;NAP
WMI;CIA
WMI;TSF
WMI;BCN
WMI;ALC
WMI;MAD
WMI;AGP
WMI;SVQ
WMI;VLC
WMI;FAO
WMI;LIS
WMI;OPO
WMI;CRL
WMI;ATH
WMI;SKG
WMI;BVA
WRO;GDN
WRO;WAW
WRO;KBP
WRO;IEV
WRO;HRK
WRO;LWO
WRO;DTM
WRO;FRA
WRO;MUC
WRO;BGY
WRO;BRI
WRO;BLQ
WRO;NAP
WRO;PMO
WRO;CIA
WRO;MAD
WRO;AGP
WRO;FAO
WRO;LIS
WRO;OPO
WRO;BRU
WRO;CRL
WRO;AMS
WRO;BVA
WRO;CDG
ZAZ;MUC
ZAZ;BGY
ZAZ;VCE
ZAZ;AGP
ZAZ;SVQ
ZAZ;CRL